jobNumber,StartTime,EndTime,JobLength,ElapsedTime
190,1/1/2020 12:00:00 AM,1/1/2020 1:02:09 AM,3667,3729,445
721,1/1/2020 12:00:00 AM,1/1/2020 1:03:15 AM,3659,3795,2316
75,1/1/2020 12:00:00 AM,1/1/2020 1:03:16 AM,3706,3796,174
227,1/1/2020 12:00:00 AM,1/1/2020 1:03:53 AM,3693,3833,540
93,1/1/2020 12:00:00 AM,1/1/2020 1:03:57 AM,3788,3837,217
217,1/1/2020 12:00:00 AM,1/1/2020 1:04:22 AM,3800,3862,517
390,1/1/2020 12:00:00 AM,1/1/2020 1:05:03 AM,3837,3903,983
532,1/1/2020 12:00:00 AM,1/1/2020 1:05:31 AM,3860,3931,1452
207,1/1/2020 12:00:00 AM,1/1/2020 1:05:33 AM,3820,3933,494
112,1/1/2020 12:00:00 AM,1/1/2020 1:05:39 AM,3752,3939,260
467,1/1/2020 12:00:00 AM,1/1/2020 1:06:57 AM,3724,4017,1227
517,1/1/2020 12:00:00 AM,1/1/2020 1:06:59 AM,3923,4019,1402
544,1/1/2020 12:00:00 AM,1/1/2020 1:07:00 AM,3691,4020,1499
437,1/1/2020 12:00:00 AM,1/1/2020 1:07:01 AM,3898,4021,1134
678,1/1/2020 12:00:00 AM,1/1/2020 1:07:11 AM,3868,4031,2075
220,1/1/2020 12:00:00 AM,1/1/2020 1:07:36 AM,3717,4056,525
590,1/1/2020 12:00:00 AM,1/1/2020 1:07:40 AM,3894,4060,1682
123,1/1/2020 12:00:00 AM,1/1/2020 1:07:51 AM,3956,4071,282
91,1/1/2020 12:00:00 AM,1/1/2020 1:08:21 AM,3963,4101,213
333,1/1/2020 12:00:00 AM,1/1/2020 1:08:37 AM,3704,4117,820
712,1/1/2020 12:00:00 AM,1/1/2020 1:08:49 AM,4034,4129,2267
242,1/1/2020 12:00:00 AM,1/1/2020 1:09:41 AM,4124,4181,576
218,1/1/2020 12:00:00 AM,1/1/2020 1:10:44 AM,3801,4244,520
56,1/1/2020 12:00:00 AM,1/1/2020 1:11:12 AM,3936,4272,130
620,1/1/2020 12:00:00 AM,1/1/2020 1:11:25 AM,4201,4285,1799
717,1/1/2020 12:00:00 AM,1/1/2020 1:11:37 AM,4233,4297,2300
411,1/1/2020 12:00:00 AM,1/1/2020 1:11:48 AM,4224,4308,1049
596,1/1/2020 12:00:00 AM,1/1/2020 1:11:59 AM,4210,4319,1711
4,1/1/2020 12:00:00 AM,1/1/2020 1:12:10 AM,4009,4330,8
41,1/1/2020 12:00:00 AM,1/1/2020 1:12:36 AM,3934,4356,97
684,1/1/2020 12:00:00 AM,1/1/2020 1:12:38 AM,4053,4358,2110
25,1/1/2020 12:00:00 AM,1/1/2020 1:12:40 AM,4305,4360,57
246,1/1/2020 12:00:00 AM,1/1/2020 1:13:33 AM,4366,4413,585
109,1/1/2020 12:00:00 AM,1/1/2020 1:13:34 AM,4222,4414,253
618,1/1/2020 12:00:00 AM,1/1/2020 1:13:43 AM,4324,4423,1793
367,1/1/2020 12:00:00 AM,1/1/2020 1:13:47 AM,4215,4427,920
388,1/1/2020 12:00:00 AM,1/1/2020 1:13:59 AM,4298,4439,978
315,1/1/2020 12:00:00 AM,1/1/2020 1:14:22 AM,4364,4462,771
175,1/1/2020 12:00:00 AM,1/1/2020 1:14:54 AM,4421,4494,411
743,1/1/2020 12:00:00 AM,1/1/2020 1:14:54 AM,4136,4494,2520
64,1/1/2020 12:00:00 AM,1/1/2020 1:15:01 AM,3938,4501,150
52,1/1/2020 12:00:00 AM,1/1/2020 1:15:22 AM,4210,4522,122
187,1/1/2020 12:00:00 AM,1/1/2020 1:16:38 AM,4506,4598,439
423,1/1/2020 12:00:00 AM,1/1/2020 1:17:36 AM,4113,4656,1091
670,1/1/2020 12:00:00 AM,1/1/2020 1:18:13 AM,4588,4693,2035
442,1/1/2020 12:00:00 AM,1/1/2020 1:18:16 AM,4420,4696,1148
663,1/1/2020 12:00:00 AM,1/1/2020 1:18:49 AM,4570,4729,2002
353,1/1/2020 12:00:00 AM,1/1/2020 1:18:59 AM,4551,4739,883
700,1/1/2020 12:00:00 AM,1/1/2020 1:19:02 AM,4672,4742,2187
27,1/1/2020 12:00:00 AM,1/1/2020 1:19:03 AM,4706,4743,62
336,1/1/2020 12:00:00 AM,1/1/2020 1:19:15 AM,4566,4755,832
228,1/1/2020 12:00:00 AM,1/1/2020 1:19:24 AM,4193,4764,542
484,1/1/2020 12:00:00 AM,1/1/2020 1:19:30 AM,4693,4770,1282
472,1/1/2020 12:00:00 AM,1/1/2020 1:19:34 AM,4614,4774,1242
660,1/1/2020 12:00:00 AM,1/1/2020 1:19:48 AM,4482,4788,1987
453,1/1/2020 12:00:00 AM,1/1/2020 1:19:55 AM,4674,4795,1184
497,1/1/2020 12:00:00 AM,1/1/2020 1:20:25 AM,4715,4825,1324
77,1/1/2020 12:00:00 AM,1/1/2020 1:20:42 AM,4567,4842,178
142,1/1/2020 12:00:00 AM,1/1/2020 1:22:07 AM,4786,4927,334
408,1/1/2020 12:00:00 AM,1/1/2020 1:22:25 AM,4702,4945,1039
6,1/1/2020 12:00:00 AM,1/1/2020 1:22:56 AM,4272,4976,13
574,1/1/2020 12:00:00 AM,1/1/2020 1:23:36 AM,4911,5016,1617
10,1/1/2020 12:00:00 AM,1/1/2020 1:23:41 AM,4472,5021,22
463,1/1/2020 12:00:00 AM,1/1/2020 1:23:54 AM,4938,5034,1211
100,1/1/2020 12:00:00 AM,1/1/2020 1:24:07 AM,4914,5047,232
516,1/1/2020 12:00:00 AM,1/1/2020 1:24:22 AM,4728,5062,1396
135,1/1/2020 12:00:00 AM,1/1/2020 1:25:26 AM,5055,5126,311
505,1/1/2020 12:00:00 AM,1/1/2020 1:25:54 AM,4957,5154,1345
537,1/1/2020 12:00:00 AM,1/1/2020 1:25:56 AM,4940,5156,1472
231,1/1/2020 12:00:00 AM,1/1/2020 1:25:58 AM,4922,5158,548
34,1/1/2020 12:00:00 AM,1/1/2020 1:26:00 AM,4556,5160,80
278,1/1/2020 12:00:00 AM,1/1/2020 1:26:14 AM,5051,5174,672
67,1/1/2020 12:00:00 AM,1/1/2020 1:26:16 AM,4743,5176,157
144,1/1/2020 12:00:00 AM,1/1/2020 1:26:21 AM,4862,5181,339
539,1/1/2020 12:00:00 AM,1/1/2020 1:26:21 AM,5090,5181,1480
216,1/1/2020 12:00:00 AM,1/1/2020 1:26:32 AM,4902,5192,515
495,1/1/2020 12:00:00 AM,1/1/2020 1:27:20 AM,5126,5240,1319
642,1/1/2020 12:00:00 AM,1/1/2020 1:27:38 AM,4806,5258,1891
420,1/1/2020 12:00:00 AM,1/1/2020 1:27:44 AM,5056,5264,1082
163,1/1/2020 12:00:00 AM,1/1/2020 1:27:52 AM,5195,5272,386
630,1/1/2020 12:00:00 AM,1/1/2020 1:27:52 AM,5195,5272,1834
240,1/1/2020 12:00:00 AM,1/1/2020 1:28:02 AM,5144,5282,572
162,1/1/2020 12:00:00 AM,1/1/2020 1:29:02 AM,5237,5342,384
380,1/1/2020 12:00:00 AM,1/1/2020 1:30:01 AM,5007,5401,954
457,1/1/2020 12:00:00 AM,1/1/2020 1:30:03 AM,5087,5403,1193
498,1/1/2020 12:00:00 AM,1/1/2020 1:30:12 AM,5240,5412,1326
483,1/1/2020 12:00:00 AM,1/1/2020 1:30:17 AM,5205,5417,1280
294,1/1/2020 12:00:00 AM,1/1/2020 1:30:33 AM,5335,5433,716
174,1/1/2020 12:00:00 AM,1/1/2020 1:30:46 AM,5082,5446,409
203,1/1/2020 12:00:00 AM,1/1/2020 1:31:36 AM,5071,5496,485
57,1/1/2020 12:00:00 AM,1/1/2020 1:31:49 AM,5124,5509,132
196,1/1/2020 12:00:00 AM,1/1/2020 1:32:13 AM,4846,5533,465
79,1/1/2020 12:00:00 AM,1/1/2020 1:33:00 AM,5282,5580,184
662,1/1/2020 12:00:00 AM,1/1/2020 1:33:12 AM,5318,5592,1999
468,1/1/2020 12:00:00 AM,1/1/2020 1:33:15 AM,5056,5595,1230
260,1/1/2020 12:00:00 AM,1/1/2020 1:33:35 AM,5522,5615,625
718,1/1/2020 12:00:00 AM,1/1/2020 1:35:58 AM,5453,5758,2307
492,1/1/2020 12:00:00 AM,1/1/2020 1:36:08 AM,5614,5768,1304
527,1/1/2020 12:00:00 AM,1/1/2020 1:36:21 AM,5494,5781,1439
643,1/1/2020 12:00:00 AM,1/1/2020 1:36:31 AM,5281,5791,1893
511,1/1/2020 12:00:00 AM,1/1/2020 1:37:10 AM,5657,5830,1374
292,1/1/2020 12:00:00 AM,1/1/2020 1:37:46 AM,5681,5866,711
394,1/1/2020 12:00:00 AM,1/1/2020 1:37:56 AM,5747,5876,992
191,1/1/2020 12:00:00 AM,1/1/2020 1:38:47 AM,5096,5927,447
348,1/1/2020 12:00:00 AM,1/1/2020 1:39:06 AM,5857,5946,865
416,1/1/2020 12:00:00 AM,1/1/2020 1:39:14 AM,5798,5954,1065
201,1/1/2020 12:00:00 AM,1/1/2020 1:39:28 AM,5676,5968,481
650,1/1/2020 12:00:00 AM,1/1/2020 1:39:35 AM,5178,5975,1932
114,1/1/2020 12:00:00 AM,1/1/2020 1:40:15 AM,5621,6015,264
424,1/1/2020 12:00:00 AM,1/1/2020 1:40:25 AM,5485,6025,1096
341,1/1/2020 12:00:00 AM,1/1/2020 1:41:01 AM,5925,6061,845
44,1/1/2020 12:00:00 AM,1/1/2020 1:41:09 AM,5395,6069,103
32,1/1/2020 12:00:00 AM,1/1/2020 1:41:22 AM,5929,6082,75
413,1/1/2020 12:00:00 AM,1/1/2020 1:41:28 AM,5889,6088,1057
151,1/1/2020 12:00:00 AM,1/1/2020 1:41:42 AM,6005,6102,356
124,1/1/2020 12:00:00 AM,1/1/2020 1:42:07 AM,5860,6127,284
458,1/1/2020 12:00:00 AM,1/1/2020 1:42:24 AM,5737,6144,1196
373,1/1/2020 12:00:00 AM,1/1/2020 1:42:25 AM,5701,6145,935
173,1/1/2020 12:00:00 AM,1/1/2020 1:42:51 AM,5671,6171,406
133,1/1/2020 12:00:00 AM,1/1/2020 1:42:55 AM,5716,6175,305
585,1/1/2020 12:00:00 AM,1/1/2020 1:43:01 AM,5864,6181,1662
40,1/1/2020 12:00:00 AM,1/1/2020 1:43:09 AM,5393,6189,93
403,1/1/2020 12:00:00 AM,1/1/2020 1:43:19 AM,5840,6199,1021
152,1/1/2020 12:00:00 AM,1/1/2020 1:43:20 AM,6026,6200,360
235,1/1/2020 12:00:00 AM,1/1/2020 1:43:30 AM,6057,6210,560
521,1/1/2020 12:00:00 AM,1/1/2020 1:44:08 AM,5627,6248,1413
2,1/1/2020 12:00:00 AM,1/1/2020 1:44:18 AM,5879,6258,3
265,1/1/2020 12:00:00 AM,1/1/2020 1:44:39 AM,5676,6279,636
256,1/1/2020 12:00:00 AM,1/1/2020 1:44:42 AM,5911,6282,615
452,1/1/2020 12:00:00 AM,1/1/2020 1:45:13 AM,6150,6313,1178
259,1/1/2020 12:00:00 AM,1/1/2020 1:45:29 AM,5943,6329,623
178,1/1/2020 12:00:00 AM,1/1/2020 1:45:51 AM,6082,6351,417
479,1/1/2020 12:00:00 AM,1/1/2020 1:45:53 AM,6236,6353,1263
132,1/1/2020 12:00:00 AM,1/1/2020 1:46:11 AM,5819,6371,303
334,1/1/2020 12:00:00 AM,1/1/2020 1:46:35 AM,6254,6395,827
584,1/1/2020 12:00:00 AM,1/1/2020 1:46:35 AM,6217,6395,1659
725,1/1/2020 12:00:00 AM,1/1/2020 1:47:14 AM,6320,6434,2344
707,1/1/2020 12:00:00 AM,1/1/2020 1:47:38 AM,6018,6458,2230
89,1/1/2020 12:00:00 AM,1/1/2020 1:47:43 AM,6013,6463,208
445,1/1/2020 12:00:00 AM,1/1/2020 1:47:59 AM,5803,6479,1155
285,1/1/2020 12:00:00 AM,1/1/2020 1:48:45 AM,6345,6525,692
326,1/1/2020 12:00:00 AM,1/1/2020 1:50:49 AM,6448,6649,797
153,1/1/2020 12:00:00 AM,1/1/2020 1:50:55 AM,6440,6655,362
60,1/1/2020 12:00:00 AM,1/1/2020 1:51:15 AM,5833,6675,140
737,1/1/2020 12:00:00 AM,1/1/2020 1:51:55 AM,6500,6715,2457
508,1/1/2020 12:00:00 AM,1/1/2020 1:51:56 AM,5706,6716,1354
626,1/1/2020 12:00:00 AM,1/1/2020 1:52:28 AM,6630,6748,1817
192,1/1/2020 12:00:00 AM,1/1/2020 1:52:32 AM,6331,6752,451
612,1/1/2020 12:00:00 AM,1/1/2020 1:52:36 AM,6610,6756,1770
15,1/1/2020 12:00:00 AM,1/1/2020 1:52:42 AM,5698,6762,35
449,1/1/2020 12:00:00 AM,1/1/2020 1:52:54 AM,6507,6774,1169
577,1/1/2020 12:00:00 AM,1/1/2020 1:54:04 AM,6580,6844,1629
400,1/1/2020 12:00:00 AM,1/1/2020 1:54:36 AM,6070,6876,1012
681,1/1/2020 12:00:00 AM,1/1/2020 1:54:41 AM,6623,6881,2093
141,1/1/2020 12:00:00 AM,1/1/2020 1:54:54 AM,6370,6894,329
146,1/1/2020 12:00:00 AM,1/1/2020 1:55:58 AM,6543,6958,344
118,1/1/2020 12:00:00 AM,1/1/2020 1:56:25 AM,6478,6985,272
377,1/1/2020 12:00:00 AM,1/1/2020 1:57:02 AM,6277,7022,943
103,1/1/2020 12:00:00 AM,1/1/2020 1:59:23 AM,6527,7163,239
287,1/1/2020 12:00:00 AM,1/1/2020 1:59:32 AM,6937,7172,698
186,1/1/2020 12:00:00 AM,1/1/2020 1:59:45 AM,6919,7185,436
339,1/1/2020 12:00:00 AM,1/1/2020 1:59:52 AM,6791,7192,839
11,1/1/2020 12:00:00 AM,1/1/2020 1:59:56 AM,6610,7196,24
35,1/1/2020 12:00:00 AM,1/1/2020 2:00:03 AM,6305,7203,82
354,1/1/2020 12:00:00 AM,1/1/2020 2:00:10 AM,7013,7210,887
412,1/1/2020 12:00:00 AM,1/1/2020 2:00:36 AM,6488,7236,1053
72,1/1/2020 12:00:00 AM,1/1/2020 2:01:13 AM,6766,7273,168
13,1/1/2020 12:00:00 AM,1/1/2020 2:01:15 AM,6536,7275,29
451,1/1/2020 12:00:00 AM,1/1/2020 2:01:40 AM,6539,7300,1173
59,1/1/2020 12:00:00 AM,1/1/2020 2:01:44 AM,6750,7304,138
319,1/1/2020 12:00:00 AM,1/1/2020 2:02:12 AM,6791,7332,780
581,1/1/2020 12:00:00 AM,1/1/2020 2:05:51 AM,6876,7551,1648
427,1/1/2020 12:00:00 AM,1/1/2020 2:06:29 AM,6774,7589,1105
499,1/1/2020 12:00:00 AM,1/1/2020 2:07:17 AM,6731,7637,1328
281,1/1/2020 12:00:00 AM,1/1/2020 2:07:47 AM,7004,7667,683
546,1/1/2020 12:00:00 AM,1/1/2020 2:07:52 AM,7082,7672,1507
78,1/1/2020 12:00:00 AM,1/1/2020 2:09:23 AM,7021,7763,182
730,1/1/2020 12:00:00 AM,1/1/2020 2:09:59 AM,7674,7799,2413
654,1/1/2020 12:00:00 AM,1/1/2020 2:10:11 AM,7202,7811,1953
599,1/1/2020 12:00:00 AM,1/1/2020 2:10:47 AM,7372,7847,1720
99,1/1/2020 12:00:00 AM,1/1/2020 2:11:59 AM,7071,7919,230
185,1/1/2020 12:00:00 AM,1/1/2020 2:12:05 AM,7173,7925,434
43,1/1/2020 12:00:00 AM,1/1/2020 2:12:07 AM,6528,7927,101
249,1/1/2020 12:00:00 AM,1/1/2020 2:12:49 AM,7294,7969,592
474,1/1/2020 12:00:00 AM,1/1/2020 2:13:30 AM,7530,8010,1246
46,1/1/2020 12:00:00 AM,1/1/2020 2:13:43 AM,7072,8023,107
571,1/1/2020 12:00:00 AM,1/1/2020 2:14:07 AM,7655,8047,1610
634,1/1/2020 12:00:00 AM,1/1/2020 2:14:13 AM,7561,8053,1856
3,1/1/2020 12:00:00 AM,1/1/2020 2:14:30 AM,7316,8070,6
111,1/1/2020 12:00:00 AM,1/1/2020 2:14:47 AM,7607,8087,257
277,1/1/2020 12:00:00 AM,1/1/2020 2:15:19 AM,7774,8119,669
415,1/1/2020 12:00:00 AM,1/1/2020 2:15:25 AM,7410,8125,1062
594,1/1/2020 12:00:00 AM,1/1/2020 2:15:29 AM,7454,8129,1699
538,1/1/2020 12:00:00 AM,1/1/2020 2:15:43 AM,7143,8143,1476
202,1/1/2020 12:00:00 AM,1/1/2020 2:15:58 AM,7459,8158,483
597,1/1/2020 12:00:00 AM,1/1/2020 2:16:23 AM,7019,8183,1716
450,1/1/2020 12:00:00 AM,1/1/2020 2:16:50 AM,7834,8210,1171
200,1/1/2020 12:00:00 AM,1/1/2020 2:16:52 AM,6640,8212,476
355,1/1/2020 12:00:00 AM,1/1/2020 2:16:55 AM,7934,8215,889
739,1/1/2020 12:00:00 AM,1/1/2020 2:17:08 AM,7787,8228,2472
386,1/1/2020 12:00:00 AM,1/1/2020 2:18:29 AM,8113,8309,970
270,1/1/2020 12:00:00 AM,1/1/2020 2:18:59 AM,7644,8339,652
548,1/1/2020 12:00:00 AM,1/1/2020 2:19:03 AM,7834,8343,1513
744,1/1/2020 12:00:00 AM,1/1/2020 2:19:08 AM,7361,8348,2557
346,1/1/2020 12:00:00 AM,1/1/2020 2:19:29 AM,7461,8369,861
706,1/1/2020 12:00:00 AM,1/1/2020 2:20:18 AM,8139,8418,2228
48,1/1/2020 12:00:00 AM,1/1/2020 2:20:40 AM,7202,8440,111
466,1/1/2020 12:00:00 AM,1/1/2020 2:21:15 AM,7895,8475,1223
31,1/1/2020 12:00:00 AM,1/1/2020 2:21:19 AM,7972,8479,72
674,1/1/2020 12:00:00 AM,1/1/2020 2:21:42 AM,7705,8502,2051
164,1/1/2020 12:00:00 AM,1/1/2020 2:21:43 AM,8204,8503,388
194,1/1/2020 12:00:00 AM,1/1/2020 2:21:45 AM,7197,8505,459
222,1/1/2020 12:00:00 AM,1/1/2020 2:21:45 AM,8151,8505,529
720,1/1/2020 12:00:00 AM,1/1/2020 2:22:11 AM,7022,8531,2313
690,1/1/2020 12:00:00 AM,1/1/2020 2:22:25 AM,8105,8545,2142
209,1/1/2020 12:00:00 AM,1/1/2020 2:22:40 AM,7941,8560,498
5,1/1/2020 12:00:00 AM,1/1/2020 2:23:55 AM,7712,8635,11
303,1/1/2020 12:00:00 AM,1/1/2020 2:23:57 AM,8419,8637,736
51,1/1/2020 12:00:00 AM,1/1/2020 2:24:05 AM,7399,8645,120
512,1/1/2020 12:00:00 AM,1/1/2020 2:24:19 AM,7189,8659,1378
510,1/1/2020 12:00:00 AM,1/1/2020 2:24:21 AM,7921,8661,1363
197,1/1/2020 12:00:00 AM,1/1/2020 2:25:01 AM,7720,8701,467
600,1/1/2020 12:00:00 AM,1/1/2020 2:25:07 AM,7972,8707,1725
86,1/1/2020 12:00:00 AM,1/1/2020 2:25:12 AM,7596,8712,202
562,1/1/2020 12:00:00 AM,1/1/2020 2:25:24 AM,7630,8724,1566
81,1/1/2020 12:00:00 AM,1/1/2020 2:26:24 AM,7713,8784,189
541,1/1/2020 12:00:00 AM,1/1/2020 2:26:49 AM,8475,8809,1487
603,1/1/2020 12:00:00 AM,1/1/2020 2:26:58 AM,8138,8818,1737
24,1/1/2020 12:00:00 AM,1/1/2020 2:27:04 AM,8179,8824,55
419,1/1/2020 12:00:00 AM,1/1/2020 2:27:04 AM,7733,8824,1076
65,1/1/2020 12:00:00 AM,1/1/2020 2:27:26 AM,7294,8846,152
635,1/1/2020 12:00:00 AM,1/1/2020 2:27:44 AM,8006,8864,1860
640,1/1/2020 12:00:00 AM,1/1/2020 2:27:45 AM,7563,8865,1885
289,1/1/2020 12:00:00 AM,1/1/2020 2:28:05 AM,8499,8885,702
94,1/1/2020 12:00:00 AM,1/1/2020 2:29:51 AM,8480,8991,219
233,1/1/2020 12:00:00 AM,1/1/2020 2:29:55 AM,8569,8995,552
691,1/1/2020 12:00:00 AM,1/1/2020 2:30:00 AM,8475,9000,2146
667,1/1/2020 12:00:00 AM,1/1/2020 2:30:39 AM,7939,9039,2017
343,1/1/2020 12:00:00 AM,1/1/2020 2:31:09 AM,8707,9069,851
502,1/1/2020 12:00:00 AM,1/1/2020 2:31:12 AM,8582,9072,1337
257,1/1/2020 12:00:00 AM,1/1/2020 2:31:23 AM,8376,9083,618
624,1/1/2020 12:00:00 AM,1/1/2020 2:32:14 AM,8756,9134,1810
432,1/1/2020 12:00:00 AM,1/1/2020 2:32:30 AM,8514,9150,1119
519,1/1/2020 12:00:00 AM,1/1/2020 2:32:57 AM,8595,9177,1406
82,1/1/2020 12:00:00 AM,1/1/2020 2:33:37 AM,8114,9217,191
475,1/1/2020 12:00:00 AM,1/1/2020 2:33:43 AM,8873,9223,1250
12,1/1/2020 12:00:00 AM,1/1/2020 2:34:18 AM,7084,9258,26
205,1/1/2020 12:00:00 AM,1/1/2020 2:35:02 AM,8532,9302,489
337,1/1/2020 12:00:00 AM,1/1/2020 2:35:19 AM,8457,9319,834
282,1/1/2020 12:00:00 AM,1/1/2020 2:35:49 AM,8593,9349,685
398,1/1/2020 12:00:00 AM,1/1/2020 2:36:14 AM,8142,9374,1005
752,1/1/2020 1:05:04 AM,1/1/2020 2:36:19 AM,3877,5475,335
493,1/1/2020 12:00:00 AM,1/1/2020 2:36:39 AM,8477,9399,1308
569,1/1/2020 12:00:00 AM,1/1/2020 2:36:41 AM,8920,9401,1604
545,1/1/2020 12:00:00 AM,1/1/2020 2:37:27 AM,8842,9447,1502
74,1/1/2020 12:00:00 AM,1/1/2020 2:37:46 AM,8714,9466,172
382,1/1/2020 12:00:00 AM,1/1/2020 2:37:47 AM,9052,9467,960
283,1/1/2020 12:00:00 AM,1/1/2020 2:38:24 AM,8597,9504,687
580,1/1/2020 12:00:00 AM,1/1/2020 2:38:43 AM,7743,9523,1645
276,1/1/2020 12:00:00 AM,1/1/2020 2:39:18 AM,8369,9558,666
62,1/1/2020 12:00:00 AM,1/1/2020 2:39:30 AM,8483,9570,145
172,1/1/2020 12:00:00 AM,1/1/2020 2:39:30 AM,8103,9570,404
166,1/1/2020 12:00:00 AM,1/1/2020 2:39:33 AM,8887,9573,392
193,1/1/2020 12:00:00 AM,1/1/2020 2:40:48 AM,8626,9648,453
586,1/1/2020 12:00:00 AM,1/1/2020 2:40:57 AM,7987,9657,1664
421,1/1/2020 12:00:00 AM,1/1/2020 2:41:01 AM,8838,9661,1086
49,1/1/2020 12:00:00 AM,1/1/2020 2:41:34 AM,9002,9694,116
129,1/1/2020 12:00:00 AM,1/1/2020 2:42:02 AM,9434,9722,296
323,1/1/2020 12:00:00 AM,1/1/2020 2:42:51 AM,9254,9771,791
558,1/1/2020 12:00:00 AM,1/1/2020 2:43:11 AM,8544,9791,1548
298,1/1/2020 12:00:00 AM,1/1/2020 2:44:11 AM,9676,9851,724
677,1/1/2020 12:00:00 AM,1/1/2020 2:44:52 AM,9282,9892,2071
588,1/1/2020 12:00:00 AM,1/1/2020 2:45:27 AM,8677,9927,1675
754,1/1/2020 1:05:32 AM,1/1/2020 2:45:48 AM,4425,6016,679
369,1/1/2020 12:00:00 AM,1/1/2020 2:46:35 AM,8990,9995,924
105,1/1/2020 12:00:00 AM,1/1/2020 2:46:52 AM,9698,10012,242
180,1/1/2020 12:00:00 AM,1/1/2020 2:47:14 AM,8535,10034,422
760,1/1/2020 1:07:00 AM,1/1/2020 2:47:29 AM,4436,6029,893
248,1/1/2020 12:00:00 AM,1/1/2020 2:47:48 AM,8946,10068,590
627,1/1/2020 12:00:00 AM,1/1/2020 2:48:25 AM,9951,10105,1822
471,1/1/2020 12:00:00 AM,1/1/2020 2:48:37 AM,9905,10117,1240
554,1/1/2020 12:00:00 AM,1/1/2020 2:48:56 AM,8666,10136,1535
461,1/1/2020 12:00:00 AM,1/1/2020 2:49:31 AM,9614,10171,1202
237,1/1/2020 12:00:00 AM,1/1/2020 2:49:57 AM,9078,10197,565
364,1/1/2020 12:00:00 AM,1/1/2020 2:50:00 AM,9777,10200,913
441,1/1/2020 12:00:00 AM,1/1/2020 2:50:07 AM,9908,10207,1146
397,1/1/2020 12:00:00 AM,1/1/2020 2:50:14 AM,9828,10214,1003
418,1/1/2020 12:00:00 AM,1/1/2020 2:51:10 AM,9436,10270,1070
177,1/1/2020 12:00:00 AM,1/1/2020 2:51:15 AM,9109,10275,415
149,1/1/2020 12:00:00 AM,1/1/2020 2:51:50 AM,9050,10310,351
396,1/1/2020 12:00:00 AM,1/1/2020 2:52:14 AM,9158,10334,1000
494,1/1/2020 12:00:00 AM,1/1/2020 2:52:20 AM,10020,10340,1310
644,1/1/2020 12:00:00 AM,1/1/2020 2:52:50 AM,8860,10370,1904
429,1/1/2020 12:00:00 AM,1/1/2020 2:53:43 AM,9177,10423,1110
84,1/1/2020 12:00:00 AM,1/1/2020 2:53:55 AM,8823,10435,196
639,1/1/2020 12:00:00 AM,1/1/2020 2:54:10 AM,9482,10450,1881
165,1/1/2020 12:00:00 AM,1/1/2020 2:54:30 AM,9981,10470,390
160,1/1/2020 12:00:00 AM,1/1/2020 2:54:44 AM,9701,10484,379
656,1/1/2020 12:00:00 AM,1/1/2020 2:54:56 AM,9794,10496,1963
672,1/1/2020 12:00:00 AM,1/1/2020 2:55:06 AM,9954,10506,2044
139,1/1/2020 12:00:00 AM,1/1/2020 2:56:10 AM,9917,10570,323
592,1/1/2020 12:00:00 AM,1/1/2020 2:56:17 AM,9955,10577,1691
616,1/1/2020 12:00:00 AM,1/1/2020 2:56:17 AM,9972,10577,1785
101,1/1/2020 12:00:00 AM,1/1/2020 2:56:27 AM,9883,10587,234
306,1/1/2020 12:00:00 AM,1/1/2020 2:56:29 AM,9975,10589,744
728,1/1/2020 12:00:00 AM,1/1/2020 2:56:31 AM,9132,10591,2382
741,1/1/2020 12:00:00 AM,1/1/2020 2:56:37 AM,9967,10597,2501
435,1/1/2020 12:00:00 AM,1/1/2020 2:56:50 AM,9720,10610,1129
33,1/1/2020 12:00:00 AM,1/1/2020 2:56:53 AM,9435,10613,79
85,1/1/2020 12:00:00 AM,1/1/2020 2:57:05 AM,9979,10625,200
50,1/1/2020 12:00:00 AM,1/1/2020 2:57:24 AM,9053,10644,119
167,1/1/2020 12:00:00 AM,1/1/2020 2:57:26 AM,9982,10646,394
170,1/1/2020 12:00:00 AM,1/1/2020 2:57:30 AM,10035,10650,400
312,1/1/2020 12:00:00 AM,1/1/2020 2:57:51 AM,10132,10671,764
695,1/1/2020 12:00:00 AM,1/1/2020 2:57:54 AM,10072,10674,2164
321,1/1/2020 12:00:00 AM,1/1/2020 2:59:53 AM,10261,10793,784
317,1/1/2020 12:00:00 AM,1/1/2020 2:59:58 AM,10361,10798,775
212,1/1/2020 12:00:00 AM,1/1/2020 3:01:38 AM,9552,10898,506
732,1/1/2020 12:00:00 AM,1/1/2020 3:01:38 AM,10597,10898,2421
342,1/1/2020 12:00:00 AM,1/1/2020 3:01:40 AM,9922,10900,848
344,1/1/2020 12:00:00 AM,1/1/2020 3:01:50 AM,10405,10910,854
608,1/1/2020 12:00:00 AM,1/1/2020 3:02:06 AM,10039,10926,1755
755,1/1/2020 1:05:34 AM,1/1/2020 3:02:53 AM,5654,7039,494
704,1/1/2020 12:00:00 AM,1/1/2020 3:03:25 AM,10142,11005,2215
540,1/1/2020 12:00:00 AM,1/1/2020 3:05:44 AM,10085,11144,1484
559,1/1/2020 12:00:00 AM,1/1/2020 3:06:06 AM,10097,11166,1553
671,1/1/2020 12:00:00 AM,1/1/2020 3:06:23 AM,10184,11183,2041
329,1/1/2020 12:00:00 AM,1/1/2020 3:06:46 AM,10353,11206,809
88,1/1/2020 12:00:00 AM,1/1/2020 3:07:13 AM,10541,11233,206
307,1/1/2020 12:00:00 AM,1/1/2020 3:07:37 AM,10627,11257,748
171,1/1/2020 12:00:00 AM,1/1/2020 3:07:58 AM,10561,11278,402
121,1/1/2020 12:00:00 AM,1/1/2020 3:08:37 AM,10324,11317,279
530,1/1/2020 12:00:00 AM,1/1/2020 3:10:11 AM,10213,11411,1444
556,1/1/2020 12:00:00 AM,1/1/2020 3:10:50 AM,10679,11450,1540
668,1/1/2020 12:00:00 AM,1/1/2020 3:11:38 AM,9654,11498,2021
195,1/1/2020 12:00:00 AM,1/1/2020 3:11:42 AM,10189,11502,463
473,1/1/2020 12:00:00 AM,1/1/2020 3:11:43 AM,10352,11503,1244
637,1/1/2020 12:00:00 AM,1/1/2020 3:12:16 AM,10584,11536,1868
272,1/1/2020 12:00:00 AM,1/1/2020 3:13:01 AM,9867,11581,658
605,1/1/2020 12:00:00 AM,1/1/2020 3:13:27 AM,10876,11607,1747
579,1/1/2020 12:00:00 AM,1/1/2020 3:13:54 AM,10917,11634,1640
456,1/1/2020 12:00:00 AM,1/1/2020 3:14:43 AM,10882,11683,1191
96,1/1/2020 12:00:00 AM,1/1/2020 3:15:46 AM,10084,11746,224
188,1/1/2020 12:00:00 AM,1/1/2020 3:16:40 AM,9966,11800,441
645,1/1/2020 12:00:00 AM,1/1/2020 3:17:57 AM,10708,11877,1907
477,1/1/2020 12:00:00 AM,1/1/2020 3:18:27 AM,10384,11907,1255
324,1/1/2020 12:00:00 AM,1/1/2020 3:19:04 AM,10712,11944,793
347,1/1/2020 12:00:00 AM,1/1/2020 3:19:34 AM,11300,11974,863
602,1/1/2020 12:00:00 AM,1/1/2020 3:19:41 AM,10212,11981,1735
255,1/1/2020 12:00:00 AM,1/1/2020 3:20:29 AM,11468,12029,610
465,1/1/2020 12:00:00 AM,1/1/2020 3:20:44 AM,11261,12044,1220
733,1/1/2020 12:00:00 AM,1/1/2020 3:21:14 AM,11353,12074,2425
147,1/1/2020 12:00:00 AM,1/1/2020 3:21:41 AM,10212,12101,346
638,1/1/2020 12:00:00 AM,1/1/2020 3:22:10 AM,10933,12130,1873
460,1/1/2020 12:00:00 AM,1/1/2020 3:22:14 AM,11330,12134,1200
157,1/1/2020 12:00:00 AM,1/1/2020 3:22:16 AM,10814,12136,371
143,1/1/2020 12:00:00 AM,1/1/2020 3:24:07 AM,11091,12247,337
409,1/1/2020 12:00:00 AM,1/1/2020 3:24:30 AM,11074,12270,1040
525,1/1/2020 12:00:00 AM,1/1/2020 3:24:36 AM,11061,12276,1432
682,1/1/2020 12:00:00 AM,1/1/2020 3:24:46 AM,10823,12286,2104
120,1/1/2020 12:00:00 AM,1/1/2020 3:25:06 AM,11843,12306,276
485,1/1/2020 12:00:00 AM,1/1/2020 3:25:20 AM,11230,12320,1286
550,1/1/2020 12:00:00 AM,1/1/2020 3:25:22 AM,10687,12322,1519
625,1/1/2020 12:00:00 AM,1/1/2020 3:25:36 AM,11164,12336,1815
680,1/1/2020 12:00:00 AM,1/1/2020 3:25:37 AM,11845,12337,2084
392,1/1/2020 12:00:00 AM,1/1/2020 3:25:46 AM,11358,12346,988
55,1/1/2020 12:00:00 AM,1/1/2020 3:26:25 AM,10209,12385,128
694,1/1/2020 12:00:00 AM,1/1/2020 3:27:33 AM,11634,12453,2160
534,1/1/2020 12:00:00 AM,1/1/2020 3:27:34 AM,10893,12454,1458
858,1/1/2020 1:30:34 AM,1/1/2020 3:27:38 AM,5850,7024,695
738,1/1/2020 12:00:00 AM,1/1/2020 3:28:21 AM,10279,12501,2469
69,1/1/2020 12:00:00 AM,1/1/2020 3:28:28 AM,10683,12508,162
87,1/1/2020 12:00:00 AM,1/1/2020 3:28:42 AM,11441,12522,204
523,1/1/2020 12:00:00 AM,1/1/2020 3:29:22 AM,11411,12562,1418
288,1/1/2020 12:00:00 AM,1/1/2020 3:29:45 AM,11619,12585,700
688,1/1/2020 12:00:00 AM,1/1/2020 3:29:45 AM,11142,12585,2129
356,1/1/2020 12:00:00 AM,1/1/2020 3:29:47 AM,11197,12587,894
751,1/1/2020 1:04:23 AM,1/1/2020 3:30:07 AM,7225,8744,299
361,1/1/2020 12:00:00 AM,1/1/2020 3:30:22 AM,10952,12622,905
300,1/1/2020 12:00:00 AM,1/1/2020 3:30:38 AM,11993,12638,730
261,1/1/2020 12:00:00 AM,1/1/2020 3:30:59 AM,11045,12659,627
236,1/1/2020 12:00:00 AM,1/1/2020 3:31:44 AM,11108,12704,563
238,1/1/2020 12:00:00 AM,1/1/2020 3:31:49 AM,10595,12709,568
464,1/1/2020 12:00:00 AM,1/1/2020 3:32:14 AM,11790,12734,1213
647,1/1/2020 12:00:00 AM,1/1/2020 3:32:44 AM,10357,12764,1922
368,1/1/2020 12:00:00 AM,1/1/2020 3:33:04 AM,10988,12784,922
514,1/1/2020 12:00:00 AM,1/1/2020 3:33:20 AM,11872,12800,1386
793,1/1/2020 1:14:23 AM,1/1/2020 3:34:22 AM,6941,8399,771
38,1/1/2020 12:00:00 AM,1/1/2020 3:35:05 AM,11400,12905,89
772,1/1/2020 1:08:50 AM,1/1/2020 3:35:23 AM,7846,8793,1175
98,1/1/2020 12:00:00 AM,1/1/2020 3:36:52 AM,12363,13012,228
219,1/1/2020 12:00:00 AM,1/1/2020 3:37:29 AM,11312,13049,522
709,1/1/2020 12:00:00 AM,1/1/2020 3:37:35 AM,11408,13055,2245
189,1/1/2020 12:00:00 AM,1/1/2020 3:37:52 AM,11930,13072,443
198,1/1/2020 12:00:00 AM,1/1/2020 3:37:54 AM,10503,13074,472
422,1/1/2020 12:00:00 AM,1/1/2020 3:37:58 AM,10892,13078,1088
225,1/1/2020 12:00:00 AM,1/1/2020 3:38:15 AM,11808,13095,536
536,1/1/2020 12:00:00 AM,1/1/2020 3:38:35 AM,12234,13115,1468
251,1/1/2020 12:00:00 AM,1/1/2020 3:39:17 AM,11641,13157,601
280,1/1/2020 12:00:00 AM,1/1/2020 3:40:59 AM,12155,13259,680
215,1/1/2020 12:00:00 AM,1/1/2020 3:41:35 AM,12302,13295,512
311,1/1/2020 12:00:00 AM,1/1/2020 3:41:36 AM,12665,13296,762
379,1/1/2020 12:00:00 AM,1/1/2020 3:42:02 AM,12049,13322,949
349,1/1/2020 12:00:00 AM,1/1/2020 3:42:31 AM,11433,13351,868
742,1/1/2020 12:00:00 AM,1/1/2020 3:42:54 AM,10871,13374,2506
587,1/1/2020 12:00:00 AM,1/1/2020 3:42:59 AM,11974,13379,1671
268,1/1/2020 12:00:00 AM,1/1/2020 3:43:46 AM,12504,13426,645
759,1/1/2020 1:06:58 AM,1/1/2020 3:43:52 AM,7279,9414,849
705,1/1/2020 12:00:00 AM,1/1/2020 3:44:23 AM,12308,13463,2222
117,1/1/2020 12:00:00 AM,1/1/2020 3:46:06 AM,12086,13566,270
573,1/1/2020 12:00:00 AM,1/1/2020 3:46:06 AM,13032,13566,1615
679,1/1/2020 12:00:00 AM,1/1/2020 3:46:11 AM,12610,13571,2082
553,1/1/2020 12:00:00 AM,1/1/2020 3:46:16 AM,11775,13576,1533
39,1/1/2020 12:00:00 AM,1/1/2020 3:47:02 AM,12648,13622,91
504,1/1/2020 12:00:00 AM,1/1/2020 3:48:45 AM,12007,13725,1343
17,1/1/2020 12:00:00 AM,1/1/2020 3:49:51 AM,13387,13791,40
724,1/1/2020 12:00:00 AM,1/1/2020 3:50:00 AM,12001,13800,2338
305,1/1/2020 12:00:00 AM,1/1/2020 3:50:27 AM,12351,13827,741
375,1/1/2020 12:00:00 AM,1/1/2020 3:50:47 AM,12821,13847,939
481,1/1/2020 12:00:00 AM,1/1/2020 3:51:03 AM,12807,13863,1269
651,1/1/2020 12:00:00 AM,1/1/2020 3:51:18 AM,11195,13878,1937
351,1/1/2020 12:00:00 AM,1/1/2020 3:51:21 AM,12932,13881,874
168,1/1/2020 12:00:00 AM,1/1/2020 3:52:39 AM,13606,13959,396
290,1/1/2020 12:00:00 AM,1/1/2020 3:53:23 AM,7802,14003,704
470,1/1/2020 12:00:00 AM,1/1/2020 3:53:32 AM,12793,14012,1239
407,1/1/2020 12:00:00 AM,1/1/2020 3:54:49 AM,12434,14089,1035
433,1/1/2020 12:00:00 AM,1/1/2020 3:54:55 AM,12294,14095,1120
76,1/1/2020 12:00:00 AM,1/1/2020 3:55:34 AM,13030,14134,176
513,1/1/2020 12:00:00 AM,1/1/2020 3:55:43 AM,12473,14143,1382
434,1/1/2020 12:00:00 AM,1/1/2020 3:56:02 AM,12952,14162,1124
158,1/1/2020 12:00:00 AM,1/1/2020 3:56:16 AM,13125,14176,374
359,1/1/2020 12:00:00 AM,1/1/2020 3:56:48 AM,12901,14208,901
115,1/1/2020 12:00:00 AM,1/1/2020 3:57:06 AM,12992,14226,266
244,1/1/2020 12:00:00 AM,1/1/2020 3:57:20 AM,12050,14240,580
496,1/1/2020 12:00:00 AM,1/1/2020 3:57:31 AM,13313,14251,1322
610,1/1/2020 12:00:00 AM,1/1/2020 3:57:48 AM,13717,14268,1763
641,1/1/2020 12:00:00 AM,1/1/2020 3:57:57 AM,12139,14277,1889
575,1/1/2020 12:00:00 AM,1/1/2020 3:58:18 AM,13019,14298,1620
614,1/1/2020 12:00:00 AM,1/1/2020 3:58:42 AM,13515,14322,1777
316,1/1/2020 12:00:00 AM,1/1/2020 3:59:08 AM,13280,14348,773
150,1/1/2020 12:00:00 AM,1/1/2020 3:59:48 AM,13826,14388,354
633,1/1/2020 12:00:00 AM,1/1/2020 3:59:48 AM,13513,14388,1851
622,1/1/2020 12:00:00 AM,1/1/2020 4:00:24 AM,12729,14424,1802
547,1/1/2020 12:00:00 AM,1/1/2020 4:01:33 AM,12314,14493,1511
104,1/1/2020 12:00:00 AM,1/1/2020 4:02:16 AM,12854,14536,240
552,1/1/2020 12:00:00 AM,1/1/2020 4:02:52 AM,13556,14572,1527
169,1/1/2020 12:00:00 AM,1/1/2020 4:03:53 AM,13712,14633,399
687,1/1/2020 12:00:00 AM,1/1/2020 4:04:15 AM,13008,14655,2127
395,1/1/2020 12:00:00 AM,1/1/2020 4:04:52 AM,13022,14692,995
904,1/1/2020 1:45:30 AM,1/1/2020 4:05:07 AM,6316,8377,616
529,1/1/2020 12:00:00 AM,1/1/2020 4:06:41 AM,13223,14801,1442
500,1/1/2020 12:00:00 AM,1/1/2020 4:07:59 AM,12696,14879,1331
648,1/1/2020 12:00:00 AM,1/1/2020 4:08:02 AM,12397,14882,1924
16,1/1/2020 12:00:00 AM,1/1/2020 4:08:45 AM,14066,14925,37
302,1/1/2020 12:00:00 AM,1/1/2020 4:09:24 AM,14054,14964,734
106,1/1/2020 12:00:00 AM,1/1/2020 4:09:25 AM,13805,14965,244
758,1/1/2020 1:06:58 AM,1/1/2020 4:09:52 AM,8741,10974,742
125,1/1/2020 12:00:00 AM,1/1/2020 4:11:26 AM,14669,15086,287
757,1/1/2020 1:05:40 AM,1/1/2020 4:12:38 AM,9686,11218,707
515,1/1/2020 12:00:00 AM,1/1/2020 4:13:27 AM,13241,15207,1392
250,1/1/2020 12:00:00 AM,1/1/2020 4:13:30 AM,13348,15210,596
402,1/1/2020 12:00:00 AM,1/1/2020 4:14:28 AM,14458,15268,1018
615,1/1/2020 12:00:00 AM,1/1/2020 4:14:29 AM,9227,15269,1780
332,1/1/2020 12:00:00 AM,1/1/2020 4:14:48 AM,14569,15288,818
223,1/1/2020 12:00:00 AM,1/1/2020 4:15:27 AM,13993,15327,532
350,1/1/2020 12:00:00 AM,1/1/2020 4:15:53 AM,13706,15353,871
448,1/1/2020 12:00:00 AM,1/1/2020 4:16:00 AM,7226,15360,1162
391,1/1/2020 12:00:00 AM,1/1/2020 4:17:01 AM,14736,15421,986
206,1/1/2020 12:00:00 AM,1/1/2020 4:17:02 AM,13641,15422,491
404,1/1/2020 12:00:00 AM,1/1/2020 4:17:10 AM,13880,15430,1025
365,1/1/2020 12:00:00 AM,1/1/2020 4:17:48 AM,14050,15468,915
629,1/1/2020 12:00:00 AM,1/1/2020 4:17:56 AM,14311,15476,1832
383,1/1/2020 12:00:00 AM,1/1/2020 4:18:15 AM,9013,15495,962
291,1/1/2020 12:00:00 AM,1/1/2020 4:18:44 AM,13101,15524,709
740,1/1/2020 12:00:00 AM,1/1/2020 4:19:10 AM,12504,15550,2481
360,1/1/2020 12:00:00 AM,1/1/2020 4:20:09 AM,13688,15609,903
848,1/1/2020 1:27:53 AM,1/1/2020 4:20:42 AM,7637,10369,1827
958,1/1/2020 2:10:48 AM,1/1/2020 4:20:44 AM,4965,7796,953
729,1/1/2020 12:00:00 AM,1/1/2020 4:21:05 AM,14763,15665,2403
247,1/1/2020 12:00:00 AM,1/1/2020 4:21:28 AM,14049,15688,587
376,1/1/2020 12:00:00 AM,1/1/2020 4:21:42 AM,14135,15702,941
665,1/1/2020 12:00:00 AM,1/1/2020 4:22:39 AM,13165,15759,2008
381,1/1/2020 12:00:00 AM,1/1/2020 4:23:14 AM,15193,15794,957
154,1/1/2020 12:00:00 AM,1/1/2020 4:23:30 AM,14227,15810,364
53,1/1/2020 12:00:00 AM,1/1/2020 4:23:39 AM,8358,15819,124
9,1/1/2020 12:00:00 AM,1/1/2020 4:23:56 AM,14147,15836,19
148,1/1/2020 12:00:00 AM,1/1/2020 4:24:04 AM,7424,15844,349
128,1/1/2020 12:00:00 AM,1/1/2020 4:24:39 AM,14982,15879,294
393,1/1/2020 12:00:00 AM,1/1/2020 4:25:00 AM,15126,15900,990
661,1/1/2020 12:00:00 AM,1/1/2020 4:25:50 AM,14953,15950,1989
549,1/1/2020 12:00:00 AM,1/1/2020 4:25:55 AM,14256,15955,1515
825,1/1/2020 1:23:37 AM,1/1/2020 4:26:22 AM,9393,10965,1617
686,1/1/2020 12:00:00 AM,1/1/2020 4:26:23 AM,14787,15983,2120
232,1/1/2020 12:00:00 AM,1/1/2020 4:26:36 AM,13600,15996,550
613,1/1/2020 12:00:00 AM,1/1/2020 4:26:40 AM,14407,16000,1772
604,1/1/2020 12:00:00 AM,1/1/2020 4:26:44 AM,12851,16004,1741
777,1/1/2020 1:11:38 AM,1/1/2020 4:27:05 AM,9569,11727,1270
119,1/1/2020 12:00:00 AM,1/1/2020 4:27:23 AM,14972,16043,274
366,1/1/2020 12:00:00 AM,1/1/2020 4:27:30 AM,14829,16050,919
345,1/1/2020 12:00:00 AM,1/1/2020 4:27:34 AM,13726,16054,858
406,1/1/2020 12:00:00 AM,1/1/2020 4:27:51 AM,14470,16071,1032
221,1/1/2020 12:00:00 AM,1/1/2020 4:28:01 AM,13580,16081,527
507,1/1/2020 12:00:00 AM,1/1/2020 4:28:36 AM,14331,16116,1351
631,1/1/2020 12:00:00 AM,1/1/2020 4:29:42 AM,15357,16182,1841
110,1/1/2020 12:00:00 AM,1/1/2020 4:30:08 AM,14801,16208,255
770,1/1/2020 1:08:38 AM,1/1/2020 4:30:19 AM,10548,12101,820
621,1/1/2020 12:00:00 AM,1/1/2020 4:30:29 AM,14804,16229,1800
363,1/1/2020 12:00:00 AM,1/1/2020 4:31:03 AM,15279,16263,911
199,1/1/2020 12:00:00 AM,1/1/2020 4:31:08 AM,12908,16268,474
676,1/1/2020 12:00:00 AM,1/1/2020 4:31:10 AM,15050,16270,2067
284,1/1/2020 12:00:00 AM,1/1/2020 4:32:26 AM,13868,16346,689
440,1/1/2020 12:00:00 AM,1/1/2020 4:33:17 AM,15228,16397,1143
308,1/1/2020 12:00:00 AM,1/1/2020 4:33:29 AM,15356,16409,750
774,1/1/2020 1:10:45 AM,1/1/2020 4:33:44 AM,9816,12179,520
922,1/1/2020 1:54:05 AM,1/1/2020 4:36:06 AM,7616,9721,1614
866,1/1/2020 1:33:16 AM,1/1/2020 4:36:06 AM,9121,10970,2336
646,1/1/2020 12:00:00 AM,1/1/2020 4:36:12 AM,15378,16572,1913
1008,1/1/2020 2:21:46 AM,1/1/2020 4:36:35 AM,4793,8089,1774
426,1/1/2020 12:00:00 AM,1/1/2020 4:37:24 AM,7688,16644,1102
14,1/1/2020 12:00:00 AM,1/1/2020 4:39:36 AM,14608,16776,32
989,1/1/2020 2:17:09 AM,1/1/2020 4:40:07 AM,4753,8578,1554
208,1/1/2020 12:00:00 AM,1/1/2020 4:40:42 AM,16365,16842,496
243,1/1/2020 12:00:00 AM,1/1/2020 4:41:12 AM,14531,16872,578
619,1/1/2020 12:00:00 AM,1/1/2020 4:41:53 AM,10164,16913,1795
710,1/1/2020 12:00:00 AM,1/1/2020 4:42:29 AM,14733,16949,2249
274,1/1/2020 12:00:00 AM,1/1/2020 4:42:52 AM,14615,16972,662
239,1/1/2020 12:00:00 AM,1/1/2020 4:43:07 AM,15606,16987,570
36,1/1/2020 12:00:00 AM,1/1/2020 4:43:19 AM,15717,16999,84
873,1/1/2020 1:37:47 AM,1/1/2020 4:43:45 AM,8697,11158,711
131,1/1/2020 12:00:00 AM,1/1/2020 4:44:21 AM,15171,17061,301
181,1/1/2020 12:00:00 AM,1/1/2020 4:44:36 AM,15991,17076,424
454,1/1/2020 12:00:00 AM,1/1/2020 4:44:39 AM,15797,17079,1186
417,1/1/2020 12:00:00 AM,1/1/2020 4:44:43 AM,16313,17083,1068
703,1/1/2020 12:00:00 AM,1/1/2020 4:45:57 AM,15477,17157,2209
136,1/1/2020 12:00:00 AM,1/1/2020 4:46:00 AM,15275,17160,313
689,1/1/2020 12:00:00 AM,1/1/2020 4:46:05 AM,16350,17165,2139
130,1/1/2020 12:00:00 AM,1/1/2020 4:46:38 AM,15192,17198,298
469,1/1/2020 12:00:00 AM,1/1/2020 4:48:48 AM,16616,17328,1233
692,1/1/2020 12:00:00 AM,1/1/2020 4:49:03 AM,16568,17343,2150
750,1/1/2020 1:03:58 AM,1/1/2020 4:49:13 AM,10531,13515,192
533,1/1/2020 12:00:00 AM,1/1/2020 4:49:28 AM,7455,17368,1455
951,1/1/2020 2:07:53 AM,1/1/2020 4:51:13 AM,6109,9800,684
708,1/1/2020 12:00:00 AM,1/1/2020 4:52:39 AM,14696,17559,2239
734,1/1/2020 12:00:00 AM,1/1/2020 4:52:47 AM,10271,17567,2441
735,1/1/2020 12:00:00 AM,1/1/2020 4:52:47 AM,16006,17567,2449
988,1/1/2020 2:17:09 AM,1/1/2020 4:53:31 AM,6256,9382,1544
568,1/1/2020 12:00:00 AM,1/1/2020 4:53:51 AM,15572,17631,1600
878,1/1/2020 1:39:29 AM,1/1/2020 4:54:11 AM,9598,11682,492
664,1/1/2020 12:00:00 AM,1/1/2020 4:54:21 AM,14625,17661,2004
794,1/1/2020 1:14:23 AM,1/1/2020 4:55:11 AM,9412,13248,1654
806,1/1/2020 1:18:17 AM,1/1/2020 4:58:04 AM,10728,13187,1840
273,1/1/2020 12:00:00 AM,1/1/2020 5:00:05 AM,15971,18005,660
771,1/1/2020 1:08:38 AM,1/1/2020 5:00:20 AM,11882,13902,1128
310,1/1/2020 12:00:00 AM,1/1/2020 5:02:37 AM,16471,18157,755
439,1/1/2020 12:00:00 AM,1/1/2020 5:04:40 AM,16919,18280,1141
271,1/1/2020 12:00:00 AM,1/1/2020 5:05:00 AM,17358,18300,656
155,1/1/2020 12:00:00 AM,1/1/2020 5:05:18 AM,12858,18318,366
582,1/1/2020 12:00:00 AM,1/1/2020 5:06:59 AM,16326,18419,1651
655,1/1/2020 12:00:00 AM,1/1/2020 5:07:18 AM,10902,18438,1961
102,1/1/2020 12:00:00 AM,1/1/2020 5:07:27 AM,16492,18447,236
874,1/1/2020 1:37:57 AM,1/1/2020 5:07:27 AM,10620,12570,2417
42,1/1/2020 12:00:00 AM,1/1/2020 5:07:38 AM,16276,18458,99
657,1/1/2020 12:00:00 AM,1/1/2020 5:07:41 AM,17247,18461,1969
578,1/1/2020 12:00:00 AM,1/1/2020 5:07:46 AM,15631,18466,1633
264,1/1/2020 12:00:00 AM,1/1/2020 5:07:54 AM,16045,18474,634
378,1/1/2020 12:00:00 AM,1/1/2020 5:08:03 AM,16543,18483,946
389,1/1/2020 12:00:00 AM,1/1/2020 5:08:06 AM,17534,18486,981
362,1/1/2020 12:00:00 AM,1/1/2020 5:09:20 AM,12268,18560,908
593,1/1/2020 12:00:00 AM,1/1/2020 5:09:34 AM,17028,18574,1693
30,1/1/2020 12:00:00 AM,1/1/2020 5:09:40 AM,16941,18580,69
767,1/1/2020 1:07:41 AM,1/1/2020 5:09:53 AM,11216,14532,1090
561,1/1/2020 12:00:00 AM,1/1/2020 5:09:59 AM,15844,18599,1564
455,1/1/2020 12:00:00 AM,1/1/2020 5:11:12 AM,17121,18672,1188
526,1/1/2020 12:00:00 AM,1/1/2020 5:11:13 AM,16498,18673,1434
1002,1/1/2020 2:21:20 AM,1/1/2020 5:11:43 AM,6458,10223,72
252,1/1/2020 12:00:00 AM,1/1/2020 5:11:44 AM,17004,18704,603
108,1/1/2020 12:00:00 AM,1/1/2020 5:12:47 AM,16915,18767,251
325,1/1/2020 12:00:00 AM,1/1/2020 5:12:49 AM,17828,18769,795
425,1/1/2020 12:00:00 AM,1/1/2020 5:13:00 AM,16953,18780,1100
606,1/1/2020 12:00:00 AM,1/1/2020 5:13:11 AM,17426,18791,1750
865,1/1/2020 1:33:16 AM,1/1/2020 5:13:19 AM,10283,13203,1218
847,1/1/2020 1:27:53 AM,1/1/2020 5:13:27 AM,9502,13534,386
486,1/1/2020 12:00:00 AM,1/1/2020 5:13:29 AM,17247,18809,1290
438,1/1/2020 12:00:00 AM,1/1/2020 5:14:38 AM,17055,18878,1138
838,1/1/2020 1:26:15 AM,1/1/2020 5:15:00 AM,9274,13725,672
557,1/1/2020 12:00:00 AM,1/1/2020 5:15:08 AM,16599,18908,1543
447,1/1/2020 12:00:00 AM,1/1/2020 5:15:22 AM,10900,18922,1160
372,1/1/2020 12:00:00 AM,1/1/2020 5:15:36 AM,17392,18936,932
430,1/1/2020 12:00:00 AM,1/1/2020 5:16:21 AM,17084,18981,1113
358,1/1/2020 12:00:00 AM,1/1/2020 5:16:24 AM,11055,18984,899
116,1/1/2020 12:00:00 AM,1/1/2020 5:16:54 AM,16916,19014,268
297,1/1/2020 12:00:00 AM,1/1/2020 5:16:56 AM,16370,19016,722
327,1/1/2020 12:00:00 AM,1/1/2020 5:17:00 AM,17811,19020,802
617,1/1/2020 12:00:00 AM,1/1/2020 5:17:45 AM,17491,19065,1790
322,1/1/2020 12:00:00 AM,1/1/2020 5:20:09 AM,17162,19209,787
431,1/1/2020 12:00:00 AM,1/1/2020 5:20:19 AM,17031,19219,1116
722,1/1/2020 12:00:00 AM,1/1/2020 5:21:35 AM,11778,19295,2326
176,1/1/2020 12:00:00 AM,1/1/2020 5:22:23 AM,17513,19343,413
476,1/1/2020 12:00:00 AM,1/1/2020 5:22:36 AM,17445,19356,1253
601,1/1/2020 12:00:00 AM,1/1/2020 5:22:52 AM,16288,19372,1731
92,1/1/2020 12:00:00 AM,1/1/2020 5:22:53 AM,17211,19373,215
224,1/1/2020 12:00:00 AM,1/1/2020 5:23:01 AM,13204,19381,534
697,1/1/2020 12:00:00 AM,1/1/2020 5:23:42 AM,16145,19422,2173
137,1/1/2020 12:00:00 AM,1/1/2020 5:23:50 AM,17500,19430,316
555,1/1/2020 12:00:00 AM,1/1/2020 5:24:45 AM,17982,19485,1537
723,1/1/2020 12:00:00 AM,1/1/2020 5:24:47 AM,16623,19487,2328
719,1/1/2020 12:00:00 AM,1/1/2020 5:27:11 AM,16494,19631,2309
607,1/1/2020 12:00:00 AM,1/1/2020 5:27:18 AM,17934,19638,1752
230,1/1/2020 12:00:00 AM,1/1/2020 5:28:51 AM,17796,19731,546
487,1/1/2020 12:00:00 AM,1/1/2020 5:29:14 AM,17853,19754,1292
565,1/1/2020 12:00:00 AM,1/1/2020 5:30:00 AM,17666,19800,1581
138,1/1/2020 12:00:00 AM,1/1/2020 5:30:18 AM,17865,19818,321
28,1/1/2020 12:00:00 AM,1/1/2020 5:30:32 AM,11323,19832,65
623,1/1/2020 12:00:00 AM,1/1/2020 5:30:41 AM,17437,19841,1804
659,1/1/2020 12:00:00 AM,1/1/2020 5:31:18 AM,17273,19878,1983
480,1/1/2020 12:00:00 AM,1/1/2020 5:31:45 AM,17183,19905,1265
387,1/1/2020 12:00:00 AM,1/1/2020 5:31:50 AM,17829,19910,974
940,1/1/2020 2:01:45 AM,1/1/2020 5:32:25 AM,8428,12640,144
80,1/1/2020 12:00:00 AM,1/1/2020 5:32:34 AM,17096,19954,187
727,1/1/2020 12:00:00 AM,1/1/2020 5:33:37 AM,16927,20017,2376
159,1/1/2020 12:00:00 AM,1/1/2020 5:33:57 AM,13811,20037,376
1066,1/1/2020 2:39:31 AM,1/1/2020 5:35:19 AM,5335,10548,136
304,1/1/2020 12:00:00 AM,1/1/2020 5:38:58 AM,10976,20338,738
506,1/1/2020 12:00:00 AM,1/1/2020 5:40:21 AM,17921,20421,1349
478,1/1/2020 12:00:00 AM,1/1/2020 5:40:25 AM,12843,20425,1259
789,1/1/2020 1:13:44 AM,1/1/2020 5:44:19 AM,14125,16235,866
563,1/1/2020 12:00:00 AM,1/1/2020 5:44:40 AM,17918,20680,1574
711,1/1/2020 12:00:00 AM,1/1/2020 5:46:30 AM,16843,20790,2253
1048,1/1/2020 2:33:38 AM,1/1/2020 5:46:39 AM,6732,11581,2199
1009,1/1/2020 2:21:46 AM,1/1/2020 5:46:51 AM,7324,12305,2099
804,1/1/2020 1:18:14 AM,1/1/2020 5:50:03 AM,14028,16309,1789
822,1/1/2020 1:22:08 AM,1/1/2020 5:51:19 AM,13810,16151,336
567,1/1/2020 12:00:00 AM,1/1/2020 5:51:50 AM,17959,21110,1591
1093,1/1/2020 2:51:11 AM,1/1/2020 5:54:14 AM,5520,10983,1070
1102,1/1/2020 2:54:45 AM,1/1/2020 5:54:43 AM,7404,10798,372
792,1/1/2020 1:14:00 AM,1/1/2020 5:54:57 AM,13415,16857,1601
531,1/1/2020 12:00:00 AM,1/1/2020 5:55:38 AM,14185,21338,1447
68,1/1/2020 12:00:00 AM,1/1/2020 5:56:45 AM,12381,21405,160
309,1/1/2020 12:00:00 AM,1/1/2020 5:58:43 AM,15214,21523,752
768,1/1/2020 1:07:52 AM,1/1/2020 5:59:52 AM,14169,17520,282
658,1/1/2020 12:00:00 AM,1/1/2020 6:00:25 AM,14702,21625,1977
1175,1/1/2020 3:22:15 AM,1/1/2020 6:00:57 AM,4109,9522,1894
800,1/1/2020 1:16:39 AM,1/1/2020 6:02:09 AM,14662,17130,431
266,1/1/2020 12:00:00 AM,1/1/2020 6:02:13 AM,13950,21733,641
107,1/1/2020 12:00:00 AM,1/1/2020 6:03:15 AM,14704,21795,248
827,1/1/2020 1:23:55 AM,1/1/2020 6:03:41 AM,13419,16786,1203
335,1/1/2020 12:00:00 AM,1/1/2020 6:04:01 AM,15636,21841,829
932,1/1/2020 1:59:46 AM,1/1/2020 6:04:52 AM,10858,14706,426
23,1/1/2020 12:00:00 AM,1/1/2020 6:07:36 AM,15167,22056,53
357,1/1/2020 12:00:00 AM,1/1/2020 6:09:20 AM,9476,22160,896
1044,1/1/2020 2:31:24 AM,1/1/2020 6:09:41 AM,8190,13097,618
320,1/1/2020 12:00:00 AM,1/1/2020 6:09:55 AM,15658,22195,782
801,1/1/2020 1:17:37 AM,1/1/2020 6:10:28 AM,14499,17571,1182
134,1/1/2020 12:00:00 AM,1/1/2020 6:10:34 AM,15796,22234,307
818,1/1/2020 1:19:49 AM,1/1/2020 6:11:00 AM,14108,17471,1987
1052,1/1/2020 2:35:03 AM,1/1/2020 6:12:52 AM,9447,13069,489
1149,1/1/2020 3:12:17 AM,1/1/2020 6:14:17 AM,5867,10920,1279
778,1/1/2020 1:11:38 AM,1/1/2020 6:14:17 AM,16684,18159,1307
214,1/1/2020 12:00:00 AM,1/1/2020 6:14:36 AM,15035,22476,510
371,1/1/2020 12:00:00 AM,1/1/2020 6:16:15 AM,15996,22575,930
872,1/1/2020 1:37:11 AM,1/1/2020 6:17:05 AM,11161,16794,1374
229,1/1/2020 12:00:00 AM,1/1/2020 6:20:01 AM,15388,22801,544
572,1/1/2020 12:00:00 AM,1/1/2020 6:20:16 AM,14814,22816,1612
1070,1/1/2020 2:40:58 AM,1/1/2020 6:20:32 AM,8529,13174,1647
8,1/1/2020 12:00:00 AM,1/1/2020 6:20:42 AM,15376,22842,17
211,1/1/2020 12:00:00 AM,1/1/2020 6:20:46 AM,16940,22846,504
1006,1/1/2020 2:21:44 AM,1/1/2020 6:20:50 AM,12384,14346,382
20,1/1/2020 12:00:00 AM,1/1/2020 6:22:52 AM,15375,22972,47
331,1/1/2020 12:00:00 AM,1/1/2020 6:23:39 AM,15904,23019,815
781,1/1/2020 1:12:00 AM,1/1/2020 6:24:17 AM,15915,18737,1366
1035,1/1/2020 2:28:06 AM,1/1/2020 6:25:27 AM,9667,14241,2436
782,1/1/2020 1:12:00 AM,1/1/2020 6:26:11 AM,14601,18851,1384
488,1/1/2020 12:00:00 AM,1/1/2020 6:26:12 AM,16285,23172,1294
802,1/1/2020 1:18:14 AM,1/1/2020 6:26:41 AM,14736,18507,1705
279,1/1/2020 12:00:00 AM,1/1/2020 6:27:27 AM,13770,23247,674
1169,1/1/2020 3:20:45 AM,1/1/2020 6:28:17 AM,7724,11252,1222
299,1/1/2020 12:00:00 AM,1/1/2020 6:28:21 AM,14385,23301,728
856,1/1/2020 1:30:18 AM,1/1/2020 6:29:16 AM,16577,17938,1501
37,1/1/2020 12:00:00 AM,1/1/2020 6:29:37 AM,15891,23377,87
184,1/1/2020 12:00:00 AM,1/1/2020 6:29:37 AM,15242,23377,432
352,1/1/2020 12:00:00 AM,1/1/2020 6:30:11 AM,15009,23411,880
90,1/1/2020 12:00:00 AM,1/1/2020 6:31:02 AM,15014,23462,211
1014,1/1/2020 2:23:56 AM,1/1/2020 6:32:01 AM,11737,14885,2167
254,1/1/2020 12:00:00 AM,1/1/2020 6:32:03 AM,16232,23523,608
535,1/1/2020 12:00:00 AM,1/1/2020 6:33:37 AM,15439,23617,1461
1183,1/1/2020 3:25:07 AM,1/1/2020 6:33:57 AM,6372,11330,277
491,1/1/2020 12:00:00 AM,1/1/2020 6:35:41 AM,15519,23741,1302
994,1/1/2020 2:19:09 AM,1/1/2020 6:36:08 AM,11493,15419,1773
1200,1/1/2020 3:29:46 AM,1/1/2020 6:36:59 AM,5737,11233,701
906,1/1/2020 1:45:54 AM,1/1/2020 6:37:04 AM,15184,17470,1262
370,1/1/2020 12:00:00 AM,1/1/2020 6:37:58 AM,15894,23878,928
210,1/1/2020 12:00:00 AM,1/1/2020 6:38:11 AM,17691,23891,500
245,1/1/2020 12:00:00 AM,1/1/2020 6:38:52 AM,17940,23932,582
803,1/1/2020 1:18:14 AM,1/1/2020 6:38:59 AM,17374,19245,1762
1075,1/1/2020 2:43:12 AM,1/1/2020 6:40:13 AM,8744,14221,1548
443,1/1/2020 12:00:00 AM,1/1/2020 6:41:54 AM,17446,24114,1150
698,1/1/2020 12:00:00 AM,1/1/2020 6:42:10 AM,17010,24130,2176
126,1/1/2020 12:00:00 AM,1/1/2020 6:44:51 AM,17413,24291,290
1157,1/1/2020 3:13:55 AM,1/1/2020 6:45:43 AM,4759,12708,1655
834,1/1/2020 1:25:59 AM,1/1/2020 6:46:12 AM,14324,19213,548
570,1/1/2020 12:00:00 AM,1/1/2020 6:46:34 AM,17055,24394,1608
837,1/1/2020 1:26:01 AM,1/1/2020 6:46:41 AM,15568,19240,2091
1249,1/1/2020 3:49:52 AM,1/1/2020 6:47:07 AM,4956,10635,2122
1033,1/1/2020 2:27:46 AM,1/1/2020 6:47:39 AM,10460,15593,1885
338,1/1/2020 12:00:00 AM,1/1/2020 6:49:33 AM,16698,24573,836
399,1/1/2020 12:00:00 AM,1/1/2020 6:50:24 AM,17850,24624,1009
7,1/1/2020 12:00:00 AM,1/1/2020 6:50:31 AM,16864,24631,15
666,1/1/2020 12:00:00 AM,1/1/2020 6:51:23 AM,11753,24683,2014
340,1/1/2020 12:00:00 AM,1/1/2020 6:51:37 AM,17461,24697,840
258,1/1/2020 12:00:00 AM,1/1/2020 6:53:38 AM,13285,24818,620
1041,1/1/2020 2:30:40 AM,1/1/2020 6:53:44 AM,10693,15784,2118
543,1/1/2020 12:00:00 AM,1/1/2020 6:54:03 AM,16391,24843,1494
490,1/1/2020 12:00:00 AM,1/1/2020 6:55:37 AM,17733,24937,1299
997,1/1/2020 2:20:19 AM,1/1/2020 6:57:11 AM,14570,16612,1819
54,1/1/2020 12:00:00 AM,1/1/2020 6:57:30 AM,17152,25050,126
58,1/1/2020 12:00:00 AM,1/1/2020 7:01:12 AM,16467,25272,134
1067,1/1/2020 2:39:31 AM,1/1/2020 7:01:37 AM,9033,15726,2532
263,1/1/2020 12:00:00 AM,1/1/2020 7:02:04 AM,17443,25324,632
410,1/1/2020 12:00:00 AM,1/1/2020 7:02:16 AM,17545,25336,1045
401,1/1/2020 12:00:00 AM,1/1/2020 7:04:09 AM,16013,25449,1016
776,1/1/2020 1:11:26 AM,1/1/2020 7:05:17 AM,17829,21231,1232
1123,1/1/2020 3:01:41 AM,1/1/2020 7:06:00 AM,10004,14659,131
1141,1/1/2020 3:08:38 AM,1/1/2020 7:07:05 AM,10504,14307,261
971,1/1/2020 2:14:31 AM,1/1/2020 7:07:52 AM,13979,17601,1257
1045,1/1/2020 2:31:24 AM,1/1/2020 7:10:21 AM,12314,16737,944
1132,1/1/2020 3:05:45 AM,1/1/2020 7:14:08 AM,9327,14903,547
1133,1/1/2020 3:06:07 AM,1/1/2020 7:15:35 AM,10779,14968,639
715,1/1/2020 12:00:00 AM,1/1/2020 7:19:33 AM,17837,26373,2282
871,1/1/2020 1:36:32 AM,1/1/2020 7:21:17 AM,16747,20685,1882
1036,1/1/2020 2:29:52 AM,1/1/2020 7:25:11 AM,11879,17719,2525
145,1/1/2020 12:00:00 AM,1/1/2020 7:25:38 AM,17041,26738,342
963,1/1/2020 2:12:50 AM,1/1/2020 7:25:56 AM,15526,18786,564
1316,1/1/2020 4:20:43 AM,1/1/2020 7:26:13 AM,4129,11130,1219
1171,1/1/2020 3:21:15 AM,1/1/2020 7:26:42 AM,9190,14727,1759
71,1/1/2020 12:00:00 AM,1/1/2020 7:27:36 AM,17870,26856,166
965,1/1/2020 2:13:31 AM,1/1/2020 7:28:31 AM,16415,18900,1125
996,1/1/2020 2:19:30 AM,1/1/2020 7:30:08 AM,14334,18638,852
653,1/1/2020 12:00:00 AM,1/1/2020 7:32:21 AM,14152,27141,1948
70,1/1/2020 12:00:00 AM,1/1/2020 7:33:16 AM,12864,27196,164
328,1/1/2020 12:00:00 AM,1/1/2020 7:36:46 AM,10505,27406,804
714,1/1/2020 12:00:00 AM,1/1/2020 7:37:36 AM,12736,27456,2280
1212,1/1/2020 3:32:15 AM,1/1/2020 7:38:28 AM,9400,14773,1318
923,1/1/2020 1:54:05 AM,1/1/2020 7:39:06 AM,12973,20701,2186
1327,1/1/2020 4:23:57 AM,1/1/2020 7:39:11 AM,7073,11714,19
1334,1/1/2020 4:25:56 AM,1/1/2020 7:43:05 AM,6610,11829,1502
1342,1/1/2020 4:26:41 AM,1/1/2020 7:44:29 AM,6755,11868,379
522,1/1/2020 12:00:00 AM,1/1/2020 7:47:04 AM,17122,28024,1415
161,1/1/2020 12:00:00 AM,1/1/2020 7:47:37 AM,16305,28057,381
405,1/1/2020 12:00:00 AM,1/1/2020 7:48:18 AM,14312,28098,1028
1278,1/1/2020 4:04:53 AM,1/1/2020 7:49:35 AM,6457,13482,170
919,1/1/2020 1:52:37 AM,1/1/2020 7:54:23 AM,16670,21706,1771
673,1/1/2020 12:00:00 AM,1/1/2020 7:56:07 AM,14852,28567,2046
913,1/1/2020 1:50:56 AM,1/1/2020 7:56:31 AM,16265,21935,362
1156,1/1/2020 3:13:55 AM,1/1/2020 7:57:32 AM,11156,17017,1643
1230,1/1/2020 3:41:36 AM,1/1/2020 7:58:27 AM,11440,15411,487
234,1/1/2020 12:00:00 AM,1/1/2020 7:59:47 AM,14502,28787,555
1403,1/1/2020 4:53:52 AM,1/1/2020 8:01:54 AM,5441,11282,1544
1030,1/1/2020 2:27:05 AM,1/1/2020 8:06:27 AM,15196,20362,1063
628,1/1/2020 12:00:00 AM,1/1/2020 8:12:28 AM,16397,29548,1829
1287,1/1/2020 4:08:46 AM,1/1/2020 8:13:33 AM,10710,14687,385
482,1/1/2020 12:00:00 AM,1/1/2020 8:16:25 AM,16623,29785,1276
156,1/1/2020 12:00:00 AM,1/1/2020 8:18:33 AM,15244,29913,368
1396,1/1/2020 4:49:14 AM,1/1/2020 8:19:56 AM,6081,12642,2123
1134,1/1/2020 3:06:07 AM,1/1/2020 8:24:33 AM,14945,19106,668
1205,1/1/2020 3:30:23 AM,1/1/2020 8:28:12 AM,13169,17869,299
1439,1/1/2020 5:50:04 AM,1/1/2020 8:30:24 AM,4510,9620,1789
1335,1/1/2020 4:25:56 AM,1/1/2020 8:31:13 AM,5809,14717,1586
1257,1/1/2020 3:52:40 AM,1/1/2020 8:31:53 AM,11871,16753,1119
1050,1/1/2020 2:34:19 AM,1/1/2020 8:32:15 AM,17347,21476,0
1226,1/1/2020 3:38:36 AM,1/1/2020 8:34:09 AM,10632,17733,1449
1103,1/1/2020 2:54:57 AM,1/1/2020 8:39:19 AM,14960,20662,1965
1069,1/1/2020 2:40:49 AM,1/1/2020 8:39:26 AM,8374,21517,453
1384,1/1/2020 4:44:37 AM,1/1/2020 8:43:44 AM,9608,14347,421
1411,1/1/2020 4:58:05 AM,1/1/2020 8:45:00 AM,6006,13615,2529
489,1/1/2020 12:00:00 AM,1/1/2020 8:45:07 AM,11801,31507,1296
1125,1/1/2020 3:01:51 AM,1/1/2020 8:46:16 AM,15205,20665,219
1388,1/1/2020 4:44:44 AM,1/1/2020 9:12:12 AM,7805,16048,2137
1188,1/1/2020 3:25:38 AM,1/1/2020 9:18:45 AM,15725,21187,1990
1336,1/1/2020 4:25:56 AM,1/1/2020 9:25:05 AM,12718,17949,1766
241,1/1/2020 12:00:00 AM,1/1/2020 9:43:18 AM,16291,34998,574
1331,1/1/2020 4:25:51 AM,1/1/2020 9:43:24 AM,11595,19053,1407
1302,1/1/2020 4:15:54 AM,1/1/2020 9:51:18 AM,14709,20124,653
1310,1/1/2020 4:17:57 AM,1/1/2020 9:53:52 AM,14796,20155,1109
1306,1/1/2020 4:17:03 AM,1/1/2020 10:24:30 AM,15517,22047,1069
1311,1/1/2020 4:18:16 AM,1/1/2020 10:32:58 AM,16948,22482,999
1371,1/1/2020 4:36:36 AM,1/1/2020 10:38:51 AM,16697,21735,1764
1309,1/1/2020 4:17:57 AM,1/1/2020 10:47:32 AM,17470,23375,1101
1381,1/1/2020 4:43:46 AM,1/1/2020 10:54:03 AM,17086,22217,233
1340,1/1/2020 4:26:24 AM,1/1/2020 10:59:35 AM,15481,23591,1854
